Title,Price,avalaible,Link
A Light in the ...,€51.77,In stock,https://books.toscrape.com/a-light-in-the-attic_1000/index.html
Tipping the Velvet,€53.74,In stock,https://books.toscrape.com/tipping-the-velvet_999/index.html
Soumission,€50.10,In stock,https://books.toscrape.com/soumission_998/index.html
Sharp Objects,€47.82,In stock,https://books.toscrape.com/sharp-objects_997/index.html
Sapiens: A Brief History ...,€54.23,In stock,https://books.toscrape.com/sapiens-a-brief-history-of-humankind_996/index.html
The Requiem Red,€22.65,In stock,https://books.toscrape.com/the-requiem-red_995/index.html
The Dirty Little Secrets ...,€33.34,In stock,https://books.toscrape.com/the-dirty-little-secrets-of-getting-your-dream-job_994/index.html
The Coming Woman: A ...,€17.93,In stock,https://books.toscrape.com/the-coming-woman-a-novel-based-on-the-life-of-the-infamous-feminist-victoria-woodhull_993/index.html
The Boys in the ...,€22.60,In stock,https://books.toscrape.com/the-boys-in-the-boat-nine-americans-and-their-epic-quest-for-gold-at-the-1936-berlin-olympics_992/index.html
The Black Maria,€52.15,In stock,https://books.toscrape.com/the-black-maria_991/index.html
Starving Hearts (Triangular Trade ...,€13.99,In stock,https://books.toscrape.com/starving-hearts-triangular-trade-trilogy-1_990/index.html
Shakespeare's Sonnets,€20.66,In stock,https://books.toscrape.com/shakespeares-sonnets_989/index.html
Set Me Free,€17.46,In stock,https://books.toscrape.com/set-me-free_988/index.html
Scott Pilgrim's Precious Little ...,€52.29,In stock,https://books.toscrape.com/scott-pilgrims-precious-little-life-scott-pilgrim-1_987/index.html
Rip it Up and ...,€35.02,In stock,https://books.toscrape.com/rip-it-up-and-start-again_986/index.html
Our Band Could Be ...,€57.25,In stock,https://books.toscrape.com/our-band-could-be-your-life-scenes-from-the-american-indie-underground-1981-1991_985/index.html
Olio,€23.88,In stock,https://books.toscrape.com/olio_984/index.html
Mesaerion: The Best Science ...,€37.59,In stock,https://books.toscrape.com/mesaerion-the-best-science-fiction-stories-1800-1849_983/index.html
Libertarianism for Beginners,€51.33,In stock,https://books.toscrape.com/libertarianism-for-beginners_982/index.html
It's Only the Himalayas,€45.17,In stock,https://books.toscrape.com/its-only-the-himalayas_981/index.html
In Her Wake,€12.84,In stock,https://books.toscrape.com/in-her-wake_980/index.html
How Music Works,€37.32,In stock,https://books.toscrape.com/how-music-works_979/index.html
Foolproof Preserving: A Guide ...,€30.52,In stock,https://books.toscrape.com/foolproof-preserving-a-guide-to-small-batch-jams-jellies-pickles-condiments-and-more-a-foolproof-guide-to-making-small-batch-jams-jellies-pickles-condiments-and-more_978/index.html
Chase Me (Paris Nights ...,€25.27,In stock,https://books.toscrape.com/chase-me-paris-nights-2_977/index.html
Black Dust,€34.53,In stock,https://books.toscrape.com/black-dust_976/index.html
Birdsong: A Story in ...,€54.64,In stock,https://books.toscrape.com/birdsong-a-story-in-pictures_975/index.html
America's Cradle of Quarterbacks: ...,€22.50,In stock,https://books.toscrape.com/americas-cradle-of-quarterbacks-western-pennsylvanias-football-factory-from-johnny-unitas-to-joe-montana_974/index.html
Aladdin and His Wonderful ...,€53.13,In stock,https://books.toscrape.com/aladdin-and-his-wonderful-lamp_973/index.html
Worlds Elsewhere: Journeys Around ...,€40.30,In stock,https://books.toscrape.com/worlds-elsewhere-journeys-around-shakespeares-globe_972/index.html
Wall and Piece,€44.18,In stock,https://books.toscrape.com/wall-and-piece_971/index.html
The Four Agreements: A ...,€17.66,In stock,https://books.toscrape.com/the-four-agreements-a-practical-guide-to-personal-freedom_970/index.html
The Five Love Languages: ...,€31.05,In stock,https://books.toscrape.com/the-five-love-languages-how-to-express-heartfelt-commitment-to-your-mate_969/index.html
The Elephant Tree,€23.82,In stock,https://books.toscrape.com/the-elephant-tree_968/index.html
The Bear and the ...,€36.89,In stock,https://books.toscrape.com/the-bear-and-the-piano_967/index.html
Sophie's World,€15.94,In stock,https://books.toscrape.com/sophies-world_966/index.html
Penny Maybe,€33.29,In stock,https://books.toscrape.com/penny-maybe_965/index.html
Maude (1883-1993):She Grew Up ...,€18.02,In stock,https://books.toscrape.com/maude-1883-1993she-grew-up-with-the-country_964/index.html
"In a Dark, Dark ...",€19.63,In stock,https://books.toscrape.com/in-a-dark-dark-wood_963/index.html
Behind Closed Doors,€52.22,In stock,https://books.toscrape.com/behind-closed-doors_962/index.html
You can't bury them ...,€33.63,In stock,https://books.toscrape.com/you-cant-bury-them-all-poems_961/index.html
Slow States of Collapse: ...,€57.31,In stock,https://books.toscrape.com/slow-states-of-collapse-poems_960/index.html
Reasons to Stay Alive,€26.41,In stock,https://books.toscrape.com/reasons-to-stay-alive_959/index.html
Private Paris (Private #10),€47.61,In stock,https://books.toscrape.com/private-paris-private-10_958/index.html
#HigherSelfie: Wake Up Your ...,€23.11,In stock,https://books.toscrape.com/higherselfie-wake-up-your-life-free-your-soul-find-your-tribe_957/index.html
Without Borders (Wanderlove #1),€45.07,In stock,https://books.toscrape.com/without-borders-wanderlove-1_956/index.html
When We Collided,€31.77,In stock,https://books.toscrape.com/when-we-collided_955/index.html
"We Love You, Charlie ...",€50.27,In stock,https://books.toscrape.com/we-love-you-charlie-freeman_954/index.html
Untitled Collection: Sabbath Poems ...,€14.27,In stock,https://books.toscrape.com/untitled-collection-sabbath-poems-2014_953/index.html
Unseen City: The Majesty ...,€44.18,In stock,https://books.toscrape.com/unseen-city-the-majesty-of-pigeons-the-discreet-charm-of-snails-other-wonders-of-the-urban-wilderness_952/index.html
Unicorn Tracks,€18.78,In stock,https://books.toscrape.com/unicorn-tracks_951/index.html
Unbound: How Eight Technologies ...,€25.52,In stock,https://books.toscrape.com/unbound-how-eight-technologies-made-us-human-transformed-society-and-brought-our-world-to-the-brink_950/index.html
Tsubasa: WoRLD CHRoNiCLE 2 ...,€16.28,In stock,https://books.toscrape.com/tsubasa-world-chronicle-2-tsubasa-world-chronicle-2_949/index.html
Throwing Rocks at the ...,€31.12,In stock,https://books.toscrape.com/throwing-rocks-at-the-google-bus-how-growth-became-the-enemy-of-prosperity_948/index.html
This One Summer,€19.49,In stock,https://books.toscrape.com/this-one-summer_947/index.html
Thirst,€17.27,In stock,https://books.toscrape.com/thirst_946/index.html
The Torch Is Passed: ...,€19.09,In stock,https://books.toscrape.com/the-torch-is-passed-a-harding-family-story_945/index.html
The Secret of Dreadwillow ...,€56.13,In stock,https://books.toscrape.com/the-secret-of-dreadwillow-carse_944/index.html
The Pioneer Woman Cooks: ...,€56.41,In stock,https://books.toscrape.com/the-pioneer-woman-cooks-dinnertime-comfort-classics-freezer-food-16-minute-meals-and-other-delicious-ways-to-solve-supper_943/index.html
The Past Never Ends,€56.50,In stock,https://books.toscrape.com/the-past-never-ends_942/index.html
The Natural History of ...,€45.22,In stock,https://books.toscrape.com/the-natural-history-of-us-the-fine-art-of-pretending-2_941/index.html
The Nameless City (The ...,€38.16,In stock,https://books.toscrape.com/the-nameless-city-the-nameless-city-1_940/index.html
The Murder That Never ...,€54.11,In stock,https://books.toscrape.com/the-murder-that-never-was-forensic-instincts-5_939/index.html
The Most Perfect Thing: ...,€42.96,In stock,https://books.toscrape.com/the-most-perfect-thing-inside-and-outside-a-birds-egg_938/index.html
The Mindfulness and Acceptance ...,€23.89,In stock,https://books.toscrape.com/the-mindfulness-and-acceptance-workbook-for-anxiety-a-guide-to-breaking-free-from-anxiety-phobias-and-worry-using-acceptance-and-commitment-therapy_937/index.html
The Life-Changing Magic of ...,€16.77,In stock,https://books.toscrape.com/the-life-changing-magic-of-tidying-up-the-japanese-art-of-decluttering-and-organizing_936/index.html
The Inefficiency Assassin: Time ...,€20.59,In stock,https://books.toscrape.com/the-inefficiency-assassin-time-management-tactics-for-working-smarter-not-longer_935/index.html
The Gutsy Girl: Escapades ...,€37.13,In stock,https://books.toscrape.com/the-gutsy-girl-escapades-for-your-life-of-epic-adventure_934/index.html
The Electric Pencil: Drawings ...,€56.06,In stock,https://books.toscrape.com/the-electric-pencil-drawings-from-inside-state-hospital-no-3_933/index.html
The Death of Humanity: ...,€58.11,In stock,https://books.toscrape.com/the-death-of-humanity-and-the-case-for-life_932/index.html
The Bulletproof Diet: Lose ...,€49.05,In stock,https://books.toscrape.com/the-bulletproof-diet-lose-up-to-a-pound-a-day-reclaim-energy-and-focus-upgrade-your-life_931/index.html
The Art Forger,€40.76,In stock,https://books.toscrape.com/the-art-forger_930/index.html
The Age of Genius: ...,€19.73,In stock,https://books.toscrape.com/the-age-of-genius-the-seventeenth-century-and-the-birth-of-the-modern-mind_929/index.html
The Activist's Tao Te ...,€32.24,In stock,https://books.toscrape.com/the-activists-tao-te-ching-ancient-advice-for-a-modern-revolution_928/index.html
Spark Joy: An Illustrated ...,€41.83,In stock,https://books.toscrape.com/spark-joy-an-illustrated-master-class-on-the-art-of-organizing-and-tidying-up_927/index.html
Soul Reader,€39.58,In stock,https://books.toscrape.com/soul-reader_926/index.html
Security,€39.25,In stock,https://books.toscrape.com/security_925/index.html
"Saga, Volume 6 (Saga ...",€25.02,In stock,https://books.toscrape.com/saga-volume-6-saga-collected-editions-6_924/index.html
"Saga, Volume 5 (Saga ...",€51.04,In stock,https://books.toscrape.com/saga-volume-5-saga-collected-editions-5_923/index.html
Reskilling America: Learning to ...,€19.83,In stock,https://books.toscrape.com/reskilling-america-learning-to-labor-in-the-twenty-first-century_922/index.html
"Rat Queens, Vol. 3: ...",€50.40,In stock,https://books.toscrape.com/rat-queens-vol-3-demons-rat-queens-collected-editions-11-15_921/index.html
"Princess Jellyfish 2-in-1 Omnibus, ...",€13.61,In stock,https://books.toscrape.com/princess-jellyfish-2-in-1-omnibus-vol-01-princess-jellyfish-2-in-1-omnibus-1_920/index.html
Princess Between Worlds (Wide-Awake ...,€13.34,In stock,https://books.toscrape.com/princess-between-worlds-wide-awake-princess-5_919/index.html
"Pop Gun War, Volume ...",€18.97,In stock,https://books.toscrape.com/pop-gun-war-volume-1-gift_918/index.html
"Political Suicide: Missteps, Peccadilloes, ...",€36.28,In stock,https://books.toscrape.com/political-suicide-missteps-peccadilloes-bad-calls-backroom-hijinx-sordid-pasts-rotten-breaks-and-just-plain-dumb-mistakes-in-the-annals-of-american-politics_917/index.html
Patience,€10.16,In stock,https://books.toscrape.com/patience_916/index.html
"Outcast, Vol. 1: A ...",€15.44,In stock,https://books.toscrape.com/outcast-vol-1-a-darkness-surrounds-him-outcast-1_915/index.html
orange: The Complete Collection ...,€48.41,In stock,https://books.toscrape.com/orange-the-complete-collection-1-orange-the-complete-collection-1_914/index.html
Online Marketing for Busy ...,€46.35,In stock,https://books.toscrape.com/online-marketing-for-busy-authors-a-step-by-step-guide_913/index.html
On a Midnight Clear,€14.07,In stock,https://books.toscrape.com/on-a-midnight-clear_912/index.html
Obsidian (Lux #1),€14.86,In stock,https://books.toscrape.com/obsidian-lux-1_911/index.html
My Paris Kitchen: Recipes ...,€33.37,In stock,https://books.toscrape.com/my-paris-kitchen-recipes-and-stories_910/index.html
Masks and Shadows,€56.40,In stock,https://books.toscrape.com/masks-and-shadows_909/index.html
Mama Tried: Traditional Italian ...,€14.02,In stock,https://books.toscrape.com/mama-tried-traditional-italian-cooking-for-the-screwed-crude-vegan-and-tattooed_908/index.html
"Lumberjanes, Vol. 2: Friendship ...",€46.91,In stock,https://books.toscrape.com/lumberjanes-vol-2-friendship-to-the-max-lumberjanes-5-8_907/index.html
"Lumberjanes, Vol. 1: Beware ...",€45.61,In stock,https://books.toscrape.com/lumberjanes-vol-1-beware-the-kitten-holy-lumberjanes-1-4_906/index.html
Lumberjanes Vol. 3: A ...,€19.92,In stock,https://books.toscrape.com/lumberjanes-vol-3-a-terrible-plan-lumberjanes-9-12_905/index.html
"Layered: Baking, Building, and ...",€40.11,In stock,https://books.toscrape.com/layered-baking-building-and-styling-spectacular-cakes_904/index.html
Judo: Seven Steps to ...,€53.90,In stock,https://books.toscrape.com/judo-seven-steps-to-black-belt-an-introductory-guide-for-beginners_903/index.html
Join,€35.67,In stock,https://books.toscrape.com/join_902/index.html
In the Country We ...,€22.00,In stock,https://books.toscrape.com/in-the-country-we-love-my-family-divided_901/index.html
Immunity: How Elie Metchnikoff ...,€57.36,In stock,https://books.toscrape.com/immunity-how-elie-metchnikoff-changed-the-course-of-modern-medicine_900/index.html
"I Hate Fairyland, Vol. ...",€29.17,In stock,https://books.toscrape.com/i-hate-fairyland-vol-1-madly-ever-after-i-hate-fairyland-compilations-1-5_899/index.html
I am a Hero ...,€54.63,In stock,https://books.toscrape.com/i-am-a-hero-omnibus-volume-1_898/index.html
How to Be Miserable: ...,€46.03,In stock,https://books.toscrape.com/how-to-be-miserable-40-strategies-you-already-use_897/index.html
Her Backup Boyfriend (The ...,€33.97,In stock,https://books.toscrape.com/her-backup-boyfriend-the-sorensen-family-1_896/index.html
"Giant Days, Vol. 2 ...",€22.11,In stock,https://books.toscrape.com/giant-days-vol-2-giant-days-5-8_895/index.html
Forever and Forever: The ...,€29.69,In stock,https://books.toscrape.com/forever-and-forever-the-courtship-of-henry-longfellow-and-fanny-appleton_894/index.html
First and First (Five ...,€15.97,In stock,https://books.toscrape.com/first-and-first-five-boroughs-3_893/index.html
Fifty Shades Darker (Fifty ...,€21.96,In stock,https://books.toscrape.com/fifty-shades-darker-fifty-shades-2_892/index.html
Everydata: The Misinformation Hidden ...,€54.35,In stock,https://books.toscrape.com/everydata-the-misinformation-hidden-in-the-little-data-you-consume-every-day_891/index.html
Don't Be a Jerk: ...,€37.97,In stock,https://books.toscrape.com/dont-be-a-jerk-and-other-practical-advice-from-dogen-japans-greatest-zen-master_890/index.html
Danganronpa Volume 1,€51.99,In stock,https://books.toscrape.com/danganronpa-volume-1_889/index.html
Crown of Midnight (Throne ...,€43.29,In stock,https://books.toscrape.com/crown-of-midnight-throne-of-glass-2_888/index.html
"Codename Baboushka, Volume 1: ...",€36.72,In stock,https://books.toscrape.com/codename-baboushka-volume-1-the-conclave-of-death_887/index.html
Camp Midnight,€17.08,In stock,https://books.toscrape.com/camp-midnight_886/index.html
Call the Nurse: True ...,€29.14,In stock,https://books.toscrape.com/call-the-nurse-true-stories-of-a-country-nurse-on-a-scottish-isle_885/index.html
Burning,€28.81,In stock,https://books.toscrape.com/burning_884/index.html
Bossypants,€49.46,In stock,https://books.toscrape.com/bossypants_883/index.html
"Bitch Planet, Vol. 1: ...",€37.92,In stock,https://books.toscrape.com/bitch-planet-vol-1-extraordinary-machine-bitch-planet-collected-editions_882/index.html
Avatar: The Last Airbender: ...,€28.09,In stock,https://books.toscrape.com/avatar-the-last-airbender-smoke-and-shadow-part-3-smoke-and-shadow-3_881/index.html
Algorithms to Live By: ...,€30.81,In stock,https://books.toscrape.com/algorithms-to-live-by-the-computer-science-of-human-decisions_880/index.html
A World of Flavor: ...,€42.95,In stock,https://books.toscrape.com/a-world-of-flavor-your-gluten-free-passport_879/index.html
"A Piece of Sky, ...",€56.76,In stock,https://books.toscrape.com/a-piece-of-sky-a-grain-of-rice-a-memoir-in-four-meditations_878/index.html
A Murder in Time,€16.64,In stock,https://books.toscrape.com/a-murder-in-time_877/index.html
A Flight of Arrows ...,€55.53,In stock,https://books.toscrape.com/a-flight-of-arrows-the-pathfinders-2_876/index.html
A Fierce and Subtle ...,€28.13,In stock,https://books.toscrape.com/a-fierce-and-subtle-poison_875/index.html
A Court of Thorns ...,€52.37,In stock,https://books.toscrape.com/a-court-of-thorns-and-roses-a-court-of-thorns-and-roses-1_874/index.html
(Un)Qualified: How God Uses ...,€54.00,In stock,https://books.toscrape.com/unqualified-how-god-uses-broken-people-to-do-big-things_873/index.html
You Are What You ...,€21.87,In stock,https://books.toscrape.com/you-are-what-you-love-the-spiritual-power-of-habit_872/index.html
William Shakespeare's Star Wars: ...,€43.30,In stock,https://books.toscrape.com/william-shakespeares-star-wars-verily-a-new-hope-william-shakespeares-star-wars-4_871/index.html
Tuesday Nights in 1980,€21.04,In stock,https://books.toscrape.com/tuesday-nights-in-1980_870/index.html
Tracing Numbers on a ...,€41.60,In stock,https://books.toscrape.com/tracing-numbers-on-a-train_869/index.html
Throne of Glass (Throne ...,€35.07,In stock,https://books.toscrape.com/throne-of-glass-throne-of-glass-1_868/index.html
Thomas Jefferson and the ...,€59.64,In stock,https://books.toscrape.com/thomas-jefferson-and-the-tripoli-pirates-the-forgotten-war-that-changed-american-history_867/index.html
Thirteen Reasons Why,€52.72,In stock,https://books.toscrape.com/thirteen-reasons-why_866/index.html
The White Cat and ...,€58.08,In stock,https://books.toscrape.com/the-white-cat-and-the-monk-a-retelling-of-the-poem-pangur-ban_865/index.html
The Wedding Dress,€24.12,In stock,https://books.toscrape.com/the-wedding-dress_864/index.html
The Vacationers,€42.15,In stock,https://books.toscrape.com/the-vacationers_863/index.html
The Third Wave: An ...,€12.61,In stock,https://books.toscrape.com/the-third-wave-an-entrepreneurs-vision-of-the-future_862/index.html
The Stranger,€17.44,In stock,https://books.toscrape.com/the-stranger_861/index.html
The Shadow Hero (The ...,€33.14,In stock,https://books.toscrape.com/the-shadow-hero-the-shadow-hero_860/index.html
The Secret (The Secret ...,€27.37,In stock,https://books.toscrape.com/the-secret-the-secret-1_859/index.html
The Regional Office Is ...,€51.36,In stock,https://books.toscrape.com/the-regional-office-is-under-attack_858/index.html
The Psychopath Test: A ...,€36.00,In stock,https://books.toscrape.com/the-psychopath-test-a-journey-through-the-madness-industry_857/index.html
The Project,€10.65,In stock,https://books.toscrape.com/the-project_856/index.html
The Power of Now: ...,€43.54,In stock,https://books.toscrape.com/the-power-of-now-a-guide-to-spiritual-enlightenment_855/index.html
The Omnivore's Dilemma: A ...,€38.21,In stock,https://books.toscrape.com/the-omnivores-dilemma-a-natural-history-of-four-meals_854/index.html
The Nerdy Nummies Cookbook: ...,€37.34,In stock,https://books.toscrape.com/the-nerdy-nummies-cookbook-sweet-treats-for-the-geek-in-all-of-us_853/index.html
The Murder of Roger ...,€44.10,In stock,https://books.toscrape.com/the-murder-of-roger-ackroyd-hercule-poirot-4_852/index.html
The Mistake (Off-Campus #2),€43.29,In stock,https://books.toscrape.com/the-mistake-off-campus-2_851/index.html
The Matchmaker's Playbook (Wingmen ...,€55.85,In stock,https://books.toscrape.com/the-matchmakers-playbook-wingmen-inc-1_850/index.html
The Love and Lemons ...,€37.60,In stock,https://books.toscrape.com/the-love-and-lemons-cookbook-an-apple-to-zucchini-celebration-of-impromptu-cooking_849/index.html
The Long Shadow of ...,€10.97,In stock,https://books.toscrape.com/the-long-shadow-of-small-ghosts-murder-and-memory-in-an-american-city_848/index.html
The Kite Runner,€41.82,In stock,https://books.toscrape.com/the-kite-runner_847/index.html
The House by the ...,€36.95,In stock,https://books.toscrape.com/the-house-by-the-lake_846/index.html
The Glittering Court (The ...,€44.28,In stock,https://books.toscrape.com/the-glittering-court-the-glittering-court-1_845/index.html
The Girl on the ...,€55.02,In stock,https://books.toscrape.com/the-girl-on-the-train_844/index.html
The Genius of Birds,€17.24,In stock,https://books.toscrape.com/the-genius-of-birds_843/index.html
The Emerald Mystery,€23.15,In stock,https://books.toscrape.com/the-emerald-mystery_842/index.html
The Cookies & Cups ...,€41.25,In stock,https://books.toscrape.com/the-cookies-cups-cookbook-125-sweet-savory-recipes-reminding-you-to-always-eat-dessert-first_841/index.html
The Bridge to Consciousness: ...,€32.00,In stock,https://books.toscrape.com/the-bridge-to-consciousness-im-writing-the-bridge-between-science-and-our-old-and-new-beliefs_840/index.html
The Artist's Way: A ...,€38.49,In stock,https://books.toscrape.com/the-artists-way-a-spiritual-path-to-higher-creativity_839/index.html
The Art of War,€33.34,In stock,https://books.toscrape.com/the-art-of-war_838/index.html
The Argonauts,€10.93,In stock,https://books.toscrape.com/the-argonauts_837/index.html
The 10% Entrepreneur: Live ...,€27.55,In stock,https://books.toscrape.com/the-10-entrepreneur-live-your-startup-dream-without-quitting-your-day-job_836/index.html
Suddenly in Love (Lake ...,€55.99,In stock,https://books.toscrape.com/suddenly-in-love-lake-haven-1_835/index.html
Something More Than This,€16.24,In stock,https://books.toscrape.com/something-more-than-this_834/index.html
Soft Apocalypse,€26.12,In stock,https://books.toscrape.com/soft-apocalypse_833/index.html
So You've Been Publicly ...,€12.23,In stock,https://books.toscrape.com/so-youve-been-publicly-shamed_832/index.html
Shoe Dog: A Memoir ...,€23.99,In stock,https://books.toscrape.com/shoe-dog-a-memoir-by-the-creator-of-nike_831/index.html
"Shobu Samurai, Project Aryoku ...",€29.06,In stock,https://books.toscrape.com/shobu-samurai-project-aryoku-3_830/index.html
Secrets and Lace (Fatal ...,€20.27,In stock,https://books.toscrape.com/secrets-and-lace-fatal-hearts-1_829/index.html
Scarlett Epstein Hates It ...,€43.55,In stock,https://books.toscrape.com/scarlett-epstein-hates-it-here_828/index.html
Romero and Juliet: A ...,€36.94,In stock,https://books.toscrape.com/romero-and-juliet-a-tragic-tale-of-love-and-zombies_827/index.html
Redeeming Love,€20.47,In stock,https://books.toscrape.com/redeeming-love_826/index.html
Poses for Artists Volume ...,€41.06,In stock,https://books.toscrape.com/poses-for-artists-volume-1-dynamic-and-sitting-poses-an-essential-reference-for-figure-drawing-and-the-human-form_825/index.html
Poems That Make Grown ...,€14.19,In stock,https://books.toscrape.com/poems-that-make-grown-women-cry_824/index.html
"Nightingale, Sing",€38.28,In stock,https://books.toscrape.com/nightingale-sing_823/index.html
Night Sky with Exit ...,€41.05,In stock,https://books.toscrape.com/night-sky-with-exit-wounds_822/index.html
Mrs. Houdini,€30.25,In stock,https://books.toscrape.com/mrs-houdini_821/index.html
Modern Romance,€28.26,In stock,https://books.toscrape.com/modern-romance_820/index.html
Miss Peregrineâs Home for ...,€10.76,In stock,https://books.toscrape.com/miss-peregrines-home-for-peculiar-children-miss-peregrines-peculiar-children-1_819/index.html
Louisa: The Extraordinary Life ...,€16.85,In stock,https://books.toscrape.com/louisa-the-extraordinary-life-of-mrs-adams_818/index.html
Little Red,€13.47,In stock,https://books.toscrape.com/little-red_817/index.html
Library of Souls (Miss ...,€48.56,In stock,https://books.toscrape.com/library-of-souls-miss-peregrines-peculiar-children-3_816/index.html
Large Print Heart of ...,€19.15,In stock,https://books.toscrape.com/large-print-heart-of-the-pride_815/index.html
I Had a Nice ...,€57.36,In stock,https://books.toscrape.com/i-had-a-nice-time-and-other-lies-how-to-find-love-sht-like-that_814/index.html
Hollow City (Miss Peregrineâs ...,€42.98,In stock,https://books.toscrape.com/hollow-city-miss-peregrines-peculiar-children-2_813/index.html
Grumbles,€22.16,In stock,https://books.toscrape.com/grumbles_812/index.html
Full Moon over Noahâs ...,€49.43,In stock,https://books.toscrape.com/full-moon-over-noahs-ark-an-odyssey-to-mount-ararat-and-beyond_811/index.html
Frostbite (Vampire Academy #2),€29.99,In stock,https://books.toscrape.com/frostbite-vampire-academy-2_810/index.html
Follow You Home,€21.36,In stock,https://books.toscrape.com/follow-you-home_809/index.html
First Steps for New ...,€29.00,In stock,https://books.toscrape.com/first-steps-for-new-christians-print-edition_808/index.html
Finders Keepers (Bill Hodges ...,€53.53,In stock,https://books.toscrape.com/finders-keepers-bill-hodges-trilogy-2_807/index.html
"Fables, Vol. 1: Legends ...",€41.62,In stock,https://books.toscrape.com/fables-vol-1-legends-in-exile-fables-1_806/index.html
Eureka Trivia 6.0,€54.59,In stock,https://books.toscrape.com/eureka-trivia-60_805/index.html
Drive: The Surprising Truth ...,€34.95,In stock,https://books.toscrape.com/drive-the-surprising-truth-about-what-motivates-us_804/index.html
Done Rubbed Out (Reightman ...,€37.72,In stock,https://books.toscrape.com/done-rubbed-out-reightman-bailey-1_803/index.html
Doing It Over (Most ...,€35.61,In stock,https://books.toscrape.com/doing-it-over-most-likely-to-1_802/index.html
Deliciously Ella Every Day: ...,€42.16,In stock,https://books.toscrape.com/deliciously-ella-every-day-quick-and-easy-recipes-for-gluten-free-snacks-packed-lunches-and-simple-meals_801/index.html
